condition,symptoms
Abdominal aortic aneurysm (AAA) screening,
Abdominal aortic aneurysm,"tummy or back pain, a pulsing feeling in your tummy"
Abdominal aortic aneurysm,"tummy or back pain, a pulsing feeling in your tummy"
Abdominal aortic aneurysm (AAA) screening,
Abortion,
Acanthosis nigricans,
Achalasia,"bringing back up undigested food, choking and coughing fits, heartburn, chest pain, repeated chest infections, drooling of vomit or saliva, gradual but significant weight loss"
Acid and chemical burns,
Reflux in babies,
"Overview
-
Acne","face – this affects almost everyone with acne, back – this affects more than half of people with acne, chest – this affects about 15% of people with acne"
Acoustic neuroma (vestibular schwannoma),"hearing loss that usually only affects 1 ear, hearing sounds that come from inside the body (tinnitus), the sensation that you're moving or spinning (vertigo)"
Acromegaly,"swollen hands and feet – you may notice a change in your ring or shoe size, tiredness and difficulty sleeping, and sometimes sleep apnoea, gradual changes in your facial features, such as your brow, lower jaw and nose getting larger, or your teeth becoming more widely spaced, numbness and weakness in your hands, caused by a compressed nerve (carpal tunnel syndrome)"
Actinic keratoses (solar keratoses),
Actinomycosis,
Acupuncture,
Acute cholecystitis,"a high temperature, feeling sick, being sick, sweating, loss of appetite, yellowing of the skin and the whites of the eyes (jaundice), a bulge in the tummy"
Acute kidney injury,"feeling sick or being sick, diarrhoea, dehydration, peeing less than usual, confusion, drowsiness"
Acute lymphoblastic leukaemia,
"Overview
-
Acute myeloid leukaemia","looking pale or ""washed out"", feeling tired or weak, breathlessness, frequent infections, unusual and frequent bruising or bleeding, such as bleeding gums or nosebleeds, losing weight without trying to"
"Overview
-
Acute pancreatitis","suddenly getting severe pain in the centre of your tummy (abdomen), feeling or being sick, a high temperature of 38C or more (fever)"
Acute respiratory distress syndrome (ARDS),"shortness of breath, taking short, fast breaths"
"Overview
-
Addison's disease","lack of energy or motivation (fatigue), muscle weakness, low mood, loss of appetite and unintentional weight loss, increased thirst"
Adenoidectomy,
Adenomyosis,"painful periods, heavy bleeding during your period"
Age-related cataracts,
"What is AMD?
-
Age-related macular degeneration (AMD)",
Agoraphobia,
Albinism,
"Overview
-
Alcohol misuse",
Alcohol poisoning,
"Overview
-
Alcohol-related liver disease","feeling sick, weight loss, loss of appetite, yellowing of the whites of the eyes or skin (jaundice), swelling in the ankles and tummy, confusion or drowsiness, vomiting blood or passing blood in your stools"
Alexander technique,
Alkaptonuria,
Allergic rhinitis,
Allergies,
Altitude sickness,"a headache, loss of appetite, feeling or being sick, feeling tired or exhausted, dizziness, difficulty sleeping"
"Overview
-
Alzheimer's disease",
Lazy eye,
Memory loss (amnesia),
"Overview
-
Amniocentesis",
Amputation,
Amyloidosis,"feeling very tired or weak, losing weight without trying to, shortness of breath, swollen feet or legs, bruising around your eyes"
Anabolic steroid misuse,
Iron deficiency anaemia,
"Overview
-
Vitamin B12 or folate deficiency anaemia","extreme tiredness, a lack of energy, pins and needles, a sore and red tongue, mouth ulcers, muscle weakness, problems with your vision, psychological problems, which can range from mild depression or anxiety to confusion and dementia, problems with memory, understanding and judgement"
Anal cancer,
"Overview
-
Anal fissure",
"Overview
-
Anal fistula","skin irritation around the anus, a constant, throbbing pain that may be worse when you sit down, move around, poo or cough, smelly discharge from near your anus, passing pus or blood when you poo, swelling and redness around your anus and a high temperature if you also have an abscess, difficulty controlling bowel movements (bowel incontinence) in some cases"
Anal pain,
Anaphylaxis,
"Overview
-
Androgen insensitivity syndrome",
Abdominal aortic aneurysm,"tummy or back pain, a pulsing feeling in your tummy"
"Overview
-
Brain aneurysm",
Angelman syndrome,
"Overview
-
Angina","feels tight, dull or heavy – it may spread to your arms, neck, jaw or back, is triggered by physical exertion or stress, stops within a few minutes of resting"
Angioedema,
"Overview
-
Angiography",
"Overview
-
Coronary angioplasty and stent insertion",
Animal and human bites,
Ankle pain,
"Overview
-
Ankylosing spondylitis","back pain and stiffness, pain and swelling in other parts of the body – caused by inflammation of the joints (arthritis) and inflammation where a tendon joins a bone (enthesitis), extreme tiredness (fatigue)"
Anorexia nervosa,
Lost or changed sense of smell,
Antacids,
"Overview
-
Antibiotics",
"Overview
-
Anticoagulant medicines",
Antidepressants,
Antifungal medicines,
Antihistamines,
"Overview
-
Antiphospholipid syndrome (APS)",
Antisocial personality disorder,
Itchy bottom,
Anxiety disorders in children,"finding it hard to concentrate, not sleeping, or waking in the night with bad dreams, eating more or less than usual, quickly getting angry or irritable, and being out of control during outbursts, constantly worrying or having negative thoughts, feeling tense and fidgety, or using the toilet often, always crying, being clingy, especially in young children, complaining of tummy aches and feeling unwell"
"Overview
-
Aortic valve replacement",
"Overview
-
Aphasia","reading, listening, speaking, typing or writing"
Appendicitis,"feeling or being sick, or loss of appetite, a high temperature, constipation or diarrhoea, peeing more than usual, sudden confusion (in older people)"
Heart rhythm problems (arrhythmia),"like your heart is pounding, racing, fluttering or missing a beat (heart palpitations) – this may last for a few seconds up to a few minutes, short of breath, lightheaded, dizzy or like you might faint, tired, chest pain or discomfort"
"Overview
-
Arthritis","joint pain, tenderness and stiffness, inflammation in and around the joints, restricted movement of the joints, warm red skin over the affected joint, weakness and muscle wasting"
"What is an arthroscopy?
-
Arthroscopy",
Asbestosis,"shortness of breath, persistent cough, wheezing, extreme tiredness (fatigue), pain in your chest or shoulder, in more advanced cases, clubbed (swollen) fingertips"
Autism,
Aspergillosis,"shortness of breath, a cough – you may cough up blood or lumps of mucus, wheezing, a high temperature, losing weight without trying, feeling tired"
"Overview
-
Asthma","a whistling sound when breathing (wheezing), breathlessness, a tight chest, which may feel like a band is tightening around it, coughing"
Astigmatism,
"Overview
-
Ataxia",
Atherosclerosis,
Athlete's foot,
Atopic eczema,
Atrial fibrillation,"an irregular heartbeat, where your pulse is not steady, suddenly feeling like your heart is pounding, racing, fluttering, skipping or missing a beat (heart palpitations) – this may last for a few seconds up to a few minutes, a heartbeat faster than 100 beats per minute, feeling very tired, finding it harder to exercise, chest pain or tightness, feeling short of breath, lightheaded, dizzy or like you might faint"
"Overview
-
Attention deficit hyperactivity disorder (ADHD)",
Auditory processing disorder (APD),
Autism,
"Overview
-
Autosomal dominant polycystic kidney disease",
"Overview
-
Autosomal recessive polycystic kidney disease",
Bird flu,"a very high temperature or feeling hot or shivery, aching muscles, headache, a cough or shortness of breath"
Baby,
Back pain,
Bacterial vaginosis,
Bad breath,
"Overview
-
Baker's cyst",
Balanitis,
Barium enema,
"Overview
-
Bartholin's cyst",
BCG vaccine for tuberculosis (TB),
Bedbugs,
Bedwetting in children,
"Overview
-
Behçet's disease","genital and mouth ulcers, red, painful eyes and blurred vision, acne-like spots, headaches, painful, stiff and swollen joints"
Diarrhoea and vomiting,
Bell's palsy,"weakness on 1 side of your face, or not being able to move 1 side of your face – this usually happens over a few days, a drooping eyelid or corner of your mouth, drooling, a dry mouth, loss of taste, a dry or watering eye"
"Overview
-
Benign brain tumour (non-cancerous)","new, persistent headaches, seizures (epileptic fits), feeling sick all the time, being sick, and drowsiness, mental or behavioural changes, such as changes in personality, weakness or paralysis, vision problems, or speech problems"
"Overview
-
Benign prostate enlargement","difficulty starting to pee, a frequent need to pee, difficulty fully emptying your bladder"
Beta blockers,
Bile duct cancer (cholangiocarcinoma),
Schistosomiasis (bilharzia),"a high temperature (fever), an itchy, red, blotchy and raised rash, a cough, diarrhoea, muscle and joint pain, tummy pain, a general sense of feeling unwell"
Binge eating disorder,
"Overview
-
Biopsy",
Bipolar disorder,"high moods (mania or hypomania) – for example, feeling very happy, excited or energetic, low moods (depression) – for example, feeling sad, tired or hopeless"
Bird flu,"a very high temperature or feeling hot or shivery, aching muscles, headache, a cough or shortness of breath"
Birthmarks,
Animal and human bites,
Black eye,
"Overview
-
Bladder cancer",
Bladder pain syndrome (interstitial cystitis),"intense pelvic pain (felt over your lower tummy), sudden strong urges to pee, needing to pee more often than usual, pain in your lower tummy when your bladder is filling up, which is relieved when you pee, waking up several times during the night to pee"
"Overview
-
Bladder stones",
Postmenopausal bleeding,
Vaginal bleeding between periods or after sex,
Bleeding from the bottom (rectal bleeding),
Blepharitis,
Blindness and vision loss,
Blisters,
Bloating,"your tummy feels full or bigger than usual, you have tummy pain or discomfort, your tummy is rumbling or making noises, you're farting more than usual"
Blood clots,
Blood groups,
Blood in semen,
Blood in urine,
"Symptoms
-
Sepsis",
Low blood pressure (hypotension),"lightheadedness or dizziness, feeling sick, blurred vision, generally feeling weak, confusion, fainting"
Blood pressure test,
Blood tests,
Blood transfusion,
Blue or grey skin or lips (cyanosis),
Blushing,
Body dysmorphic disorder (BDD),"worry a lot about a specific area of your body (particularly your face), spend a lot of time comparing your looks with other people's, look at yourself in mirrors a lot or avoid mirrors altogether, go to a lot of effort to conceal flaws – for example, by spending a long time combing your hair, applying make-up or choosing clothes, pick at your skin to make it ""smooth"""
Body odour (BO),
Boils,
"Overview
-
Bone cancer",
Bone cyst,"pain, swelling or a lump, usually in your arm, leg or spine, numbness or tingling, if the cyst affects your spine, a break (fracture), sometimes from a relatively minor injury"
"Overview
-
Bone density scan (DEXA scan)",
Borderline personality disorder,
Botulism,"drooping eyelids, blurred or double vision, facial muscle weakness, difficulty swallowing (dysphagia), slurred speech, breathing difficulties"
Bowel cancer,
Bowel cancer screening,
Bowel incontinence,
Bowel polyps,"a small amount of slime (mucus) or blood in your poo, bleeding from your bottom, a change in your normal bowel habits, such as diarrhoea or constipation, losing weight without trying"
Bowen's disease,"scaly or crusty, flat or raised, up to a few centimetres across, itchy (but not all the time), red or pink on white skin, but this may be harder to see on brown and black skin"
Braces and orthodontics,
Plagiocephaly and brachycephaly (flat head syndrome),
"Overview
-
Brain abscess","headache – which is often severe, located in a single section of the head and cannot be relieved with painkillers, changes in mental state – such as confusion or irritability, problems with nerve function – such as muscle weakness, slurred speech or paralysis on one side of the body, a high temperature, seizures (fits), feeling sick, being sick, stiff neck, changes in vision – such as blurring, greying of vision or double vision (due to the abscess putting pressure on the optic nerve)"
"Overview
-
Brain aneurysm",
"Overview
-
Brain death",
"Overview
-
Subarachnoid haemorrhage","a sudden severe headache unlike anything you’ve experienced before, a stiff neck, feeling and being sick, sensitivity to light (photophobia), blurred or double vision, stroke-like symptoms – such as slurred speech and weakness on one side of the body, loss of consciousness or convulsions (uncontrollable shaking)"
"Overview
-
Benign brain tumour (non-cancerous)","new, persistent headaches, seizures (epileptic fits), feeling sick all the time, being sick, and drowsiness, mental or behavioural changes, such as changes in personality, weakness or paralysis, vision problems, or speech problems"
Malignant brain tumour (brain cancer),"headaches (often worse in the morning and when coughing or straining), fits (seizures), regularly feeling sick (vomiting), memory problems or changes in personality, weakness, vision problems or speech problems that get worse"
Brain tumours,"headaches, seizures (fits), persistently feeling sick (nausea), being sick (vomiting) and drowsiness, mental or behavioural changes, such as memory problems or changes in personality, progressive weakness or paralysis on one side of the body, vision or speech problems"
Breast abscess,
Breast cancer in men,
Breast cancer in women,
Breast lumps,
Breast pain,
Breast reduction on the NHS,
Breast screening (mammogram),
Breath-holding in babies and children,
Broken ankle,
Broken arm or wrist,
Broken collarbone,
Broken finger or thumb,
Broken hip,
Broken leg,
Broken nose,
Broken or bruised ribs,
Broken toe,
"Overview
-
Bronchiectasis",
Bronchiolitis,
Bronchitis,"a cough – you may cough up clear, white, yellow or green mucus, chest pain when coughing, shortness of breath, a sore throat, a runny nose, a high temperature"
"Overview
-
Bronchodilators",
Brucellosis,"a high temperature, loss of appetite, sweating, headaches, extreme tiredness, back and joint pain"
Brugada syndrome,"fainting or blackouts, feeling dizzy or lightheaded, heart palpitations, seizures or fits, shortness of breath"
Teeth grinding (bruxism),"face, neck and shoulder pain, a painful jaw, which can lead to a condition called temporomandibular disorder (TMD), worn-down or broken teeth, which can cause increased sensitivity and loss of teeth and fillings, headaches, earache, disturbed sleep"
Bulging eyes (exophthalmos),
Bulimia,"losing control of how much you're eating over a very short time (binge eating), ridding your body of the extra food (purging)"
Bullous pemphigoid,
Bunions,
"Overview
-
Burns and scalds",
Bursitis,
Sciatica,
"Overview
-
Coronary artery bypass graft",
"Overview
-
Caesarean section",
"Overview
-
Cancer",
Medical cannabis (and cannabis oils),
Carbon monoxide poisoning,
"Overview
-
Cardiac catheterisation and coronary angiography",
Cardiomyopathy,
Cardiovascular disease,
"Overview
-
Carotid endarterectomy",
Carpal tunnel syndrome,
Animal and human bites,
"Overview
-
Cataract surgery",
Age-related cataracts,
"Overview
-
Childhood cataracts",
Catarrh,
Cavernoma,"bleeding (haemorrhage), fits (seizures), headaches, neurological problems, such as dizziness, slurred speech (dysarthria), double vision, balance problems and tremor, weakness, numbness, tiredness, memory problems and difficulty concentrating, a type of stroke called a haemorrhagic stroke"
"Overview
-
Cavernous sinus thrombosis",
Cellulitis,
"Overview
-
Cerebral palsy","delays in reaching development milestones – for example, not sitting by 8 months or not walking by 18 months, seeming too stiff or too floppy, weak arms or legs, fidgety, jerky or clumsy movements, random, uncontrolled movements, walking on tiptoes, a range of other problems – such as swallowing problems, speaking problems, vision problems and learning disabilities"
Cervical cancer,
Cervical screening,
Cervical spondylosis,
"Overview
-
Charcot-Marie-Tooth disease",
Charles Bonnet syndrome,
"Overview
-
Chemotherapy",
Chest infection,
Chest pain,
Chiari malformation,"headaches – these are usually felt at the back of the head and may be brought on or made worse by coughing, straining, sneezing or bending over, neck pain, dizziness and balance problems, muscle weakness, numbness or tingling in the arms or legs, blurred vision, double vision and sensitivity to light, swallowing problems, hearing loss and tinnitus, feeling and being sick, difficulty sleeping (insomnia) and clinical depression"
Chickenpox,
Chickenpox vaccine,
Chilblains,
"Overview
-
Childhood cataracts",
Children's flu vaccine,
"Chipped, broken or cracked tooth",
Chiropractic,
Chlamydia,
Acute cholecystitis,"a high temperature, feeling sick, being sick, sweating, loss of appetite, yellowing of the skin and the whites of the eyes (jaundice), a bulge in the tummy"
Cholera,"having lots of watery diarrhoea, feeling sick or being sick, tummy pain, dehydration"
Cholesteatoma,"a persistent or recurring watery, often smelly, discharge from the ear, which can come and go or may be continuous, a gradual loss of hearing in the affected ear"
"What is high cholesterol?
-
High cholesterol",
"Overview
-
Chorionic villus sampling",
"Overview
-
Myalgic encephalomyelitis or chronic fatigue syndrome (ME/CFS)","feeling extremely tired all the time (fatigue), which can make daily activities like taking a shower, or going to work or school, difficult, sleep problems, including insomnia, sleeping too much, feeling like you have not slept properly and feeling exhausted or stiff when you wake up, problems with thinking, concentration and memory (brain fog), symptoms getting worse after physical or mental activity, and possibly taking weeks to get better (also called post-exertional malaise, or PEM)"
"Overview
-
Chronic kidney disease","tiredness, swollen ankles, feet or hands, shortness of breath, feeling sick, blood in your pee (urine)"
"What is chronic lymphocytic leukaemia?
-
Chronic lymphocytic leukaemia",
Chronic myeloid leukaemia,
"Overview
-
Chronic obstructive pulmonary disease (COPD)","shortness of breath, particularly when you're active, a persistent chesty cough with phlegm – some people may dismiss this as just a ""smoker's cough"", frequent chest infections, persistent wheezing"
"Overview
-
Chronic pancreatitis",
Chronic traumatic encephalopathy,
Circumcision in boys,
Circumcision in men,
"Overview
-
Cirrhosis","feel very tired and weak, feel sick (nausea), lose your appetite, lose weight and muscle mass, get red patches on your palms and small, spider-like blood vessels on your skin (spider angiomas) above waist level"
"Overview
-
Creutzfeldt-Jakob disease","loss of intellect and memory, changes in personality, loss of balance and co-ordination, slurred speech, vision problems and blindness, abnormal jerking movements, progressive loss of brain function and mobility"
Claustrophobia,"sweating, trembling, hot flushes or chills, shortness of breath or difficulty breathing, a choking sensation, a rapid heartbeat (tachycardia), chest pain or a feeling of tightness in the chest, a sensation of butterflies in the stomach, feeling sick, headaches and dizziness, feeling faint, numbness or pins and needles, a dry mouth, a need to go to the toilet, ringing in your ears, feeling confused or disorientated"
"Overview
-
Cleft lip and palate",
Clinical trials,
Clostridium difficile (C. diff) infection,
Club foot,
Cluster headaches,
Tailbone (coccyx) pain,
"Overview
-
Coeliac disease","diarrhoea, which may smell particularly unpleasant, stomach aches, bloating and farting (flatulence), indigestion, constipation"
Cognitive behavioural therapy (CBT),
Cold sores,
Colic,
Bowel cancer,
"What is a colonoscopy?
-
Colonoscopy",
"Overview
-
Colostomy",
Colour vision deficiency (colour blindness),
Colour vision deficiency (colour blindness),
"What is a colposcopy?
-
Colposcopy",
Combined pill,
Common cold,
Compartment syndrome,
Complementary and alternative medicine,
"Overview
-
Complex regional pain syndrome",
Head injury and concussion,
Condoms,
Sudden confusion (delirium),
"Overview
-
Congenital heart disease",
Developmental dysplasia of the hip,
Conjunctivitis,
"Overview
-
Consent to treatment",
Constipation,
"Overview
-
Contact dermatitis",
Continuous glucose monitoring and hybrid closed loop for diabetes,
Contraception,
Contraceptive implant,
Contraceptive injection,
Contraceptive patch,
"Overview
-
Cornea transplant",
Corns and calluses,
"Overview
-
Coronary angioplasty and stent insertion",
"Overview
-
Coronary artery bypass graft",
"Overview
-
Coronary heart disease","chest pain (angina), shortness of breath, pain in your neck, shoulders, jaw or arms, feeling faint, feeling sick (nausea)"
COVID-19,
"Overview
-
Corticobasal degeneration",
Topical corticosteroids,
Steroids,
Cosmetic procedures,
Costochondritis,
Cough,
Coughing up blood (blood in phlegm),
Counselling,
COVID-19,
COVID-19 vaccine,
Cradle cap,
Craniosynostosis,
"Overview
-
Creutzfeldt-Jakob disease","loss of intellect and memory, changes in personality, loss of balance and co-ordination, slurred speech, vision problems and blindness, abnormal jerking movements, progressive loss of brain function and mobility"
"Overview
-
Crohn's disease","diarrhoea, stomach aches and cramps, blood in your poo, tiredness (fatigue), weight loss"
Croup,
CT scan,
Cushing's syndrome,"increased fat on your chest and tummy, but slim arms and legs, a build-up of fat on the back of your neck and shoulders, known as a ""buffalo hump"", a red, puffy, rounded face"
Cuts and grazes,
Blue or grey skin or lips (cyanosis),
Cyclical vomiting syndrome,
Cyclospora,"diarrhoea, loss of appetite and weight loss, stomach cramps, bloating and farting, tiredness, feeling sick, muscle aches"
"Overview
-
Cystic fibrosis","recurring chest infections, wheezing, coughing, shortness of breath and damage to the airways (bronchiectasis), difficulty putting on weight and growing, yellowing of the skin and the whites of the eyes (jaundice), diarrhoea, constipation, or large, smelly poo, a bowel obstruction in newborn babies (meconium ileus) – surgery may be needed"
Cystitis,
Cystoscopy,
Cytomegalovirus (CMV),"a high temperature, aching muscles, tiredness, a skin rash, feeling sick, a sore throat, swollen glands"
Dandruff,
"Overview
-
Deafblindness",
Hearing loss,
Decongestants,
Dehydration,
Sudden confusion (delirium),
Dementia,
"Overview
-
Frontotemporal dementia","personality and behaviour changes – acting inappropriately or impulsively, appearing selfish or unsympathetic, neglecting personal hygiene, overeating, or loss of motivation, language problems – speaking slowly, struggling to make the right sounds when saying a word, getting words in the wrong order, or using words incorrectly, problems with mental abilities – getting distracted easily, struggling with planning and organisation, memory problems – these only tend to occur later on, unlike more common forms of dementia, such as Alzheimer's disease"
"Overview
-
Vascular dementia","slowness of thought, difficulty with planning and understanding, problems with concentration, changes to your mood, personality or behaviour, feeling disoriented and confused, difficulty walking and keeping balance, symptoms of Alzheimer's disease, such as problems with memory and language (many people with vascular dementia also have Alzheimer's disease)"
"Overview
-
Dementia with Lewy bodies","hallucinations and hearing voices – seeing, hearing or smelling things that are not there, problems with understanding, thinking, memory and judgement – this is similar to Alzheimer's disease, although memory may be less affected in people with dementia with Lewy bodies, confusion or sleepiness – this can change over minutes or hours, slow movement, stiff limbs and tremors (uncontrollable shaking), disturbed sleep, often with violent movements and shouting out, fainting spells, unsteadiness and falls, depression and anxiety"
Dengue,"a high temperature, a severe headache, pain behind your eyes, muscle and joint pain, feeling or being sick, swollen glands, a blotchy rash made up of flat or slightly raised spots – this can affect large areas of your body"
Dental abscess,
Toothache,
Dentures (false teeth),
Depression,
Depression in adults,
Detached retina (retinal detachment),
"Overview
-
Developmental co-ordination disorder (dyspraxia) in children",
Developmental dysplasia of the hip,
"Overview
-
Bone density scan (DEXA scan)",
Diabetes,
Type 1 diabetes,
"What is type 2 diabetes?
-
Type 2 diabetes",
"Overview
-
Gestational diabetes","increased thirst, needing to pee more often than usual, a dry mouth, tiredness, blurred eyesight, genital itching or thrush"
"Overview
-
Diabetes insipidus",
Diabetic eye screening,
Diabetic ketoacidosis,
"Overview
-
Diabetic retinopathy","gradually worsening vision, sudden vision loss, shapes floating in your field of vision (floaters), blurred or patchy vision, eye pain or redness, difficulty seeing in the dark"
"Overview
-
Dialysis",
Diaphragm or cap,
Diarrhoea and vomiting,
Diarrhoea and vomiting,
Differences in sex development,
DiGeorge syndrome (22q11 deletion),"learning and behaviour problems – including delays in learning to walk or talk, learning disabilities and problems such as attention deficit hyperactivity disorder (ADHD) or autism, speech and hearing problems – including temporary hearing loss due to frequent ear infections, being slow to start talking and having a ""nasal-sounding"" voice, mouth and feeding problems – including a gap in the top of the mouth or lip (cleft lip or palate), difficulty feeding and sometimes bringing food back up through the nose, heart problems – some children and adults have heart defects from birth (congenital heart disease), hormone problems – underdeveloped parathyroid glands produce too little parathyroid hormone (hypoparathyroidism), which can lead to problems such as shaking (tremors) and seizures (fits)"
Diphtheria,"a thick grey-white coating that may cover the back of your throat, nose and tongue, a high temperature (fever), sore throat, swollen glands in your neck, difficulty breathing and swallowing"
"Overview
-
Discoid eczema","the patches oozing a lot of fluid, a yellow crust developing over the patches, the skin around the patches becoming hot, swollen and tender or painful, feeling sick, feeling hot or shivery, feeling unwell"
Dislocated kneecap,
Dislocated shoulder,
Dissociative disorders,"feeling disconnected from yourself and the world around you, forgetting about certain time periods, events and personal information, feeling uncertain about who you are, having multiple distinct identities, feeling little or no physical pain"
Diverticular disease and diverticulitis,"pain in the lower left side of your tummy (abdomen) – a small number of people get pain on the right side, tummy pain that gets worse after you eat, and gets better after you poo or fart, constipation, diarrhoea, blood in your poo, bloating"
Dizziness,
Do not attempt cardiopulmonary resuscitation (DNACPR) decisions,
Animal and human bites,
Double vision,
"What is Down's syndrome?
-
Down's syndrome",
Dry eyes,
Sore or dry lips,
Dry mouth,
Dupuytren's contracture,
DVT (deep vein thrombosis),"throbbing pain in 1 leg (rarely both legs), usually in the calf or thigh, when walking or standing up, swelling in 1 leg (rarely both legs), warm skin around the painful area, red or darkened skin around the painful area – this may be harder to see on brown or black skin, swollen veins that are hard or sore when you touch them"
"Overview
-
Restricted growth (dwarfism)",
Dysarthria (difficulty speaking),
Dysentery,
"Overview
-
Dyslexia",
Dysphagia (swallowing problems),
Dyspraxia (developmental co-ordination disorder) in adults,"your co-ordination, balance and movement, how you learn new skills, think, and remember information at work and home, your daily living skills, such as dressing or preparing meals, your ability to write, type, draw and grasp small objects, how you function in social situations, how you deal with your emotions, time management, planning and personal organisation skills"
"Overview
-
Developmental co-ordination disorder (dyspraxia) in children",
Dystonia,
Ear infections,
Earache,
Perforated eardrum,
Early menopause,
Early or delayed puberty,
Earwax build-up,"hearing loss, earache or a feeling that your ears are blocked, ringing or buzzing in your ears (tinnitus), vertigo (feeling dizzy and sick)"
Eating disorders,
Ebola virus disease,"being sick, diarrhoea and tummy pain, a skin rash, yellowing of the skin and eyes, blood in your poo, lots of bruises all over your body, bleeding from your ears, eyes, nose or mouth"
Echocardiogram,
Heart palpitations,
"Overview
-
Ectopic pregnancy","a missed period and other signs of pregnancy, tummy pain low down on one side, vaginal bleeding or a brown watery discharge, pain in the tip of your shoulder, discomfort when peeing or pooing"
Ectropion,
Atopic eczema,
"Overview
-
Contact dermatitis",
"Overview
-
Discoid eczema","the patches oozing a lot of fluid, a yellow crust developing over the patches, the skin around the patches becoming hot, swollen and tender or painful, feeling sick, feeling hot or shivery, feeling unwell"
"Overview
-
Varicose eczema","itchy and swollen, dry and flaky, scaly, crusty or blistered"
Edwards' syndrome (trisomy 18),
Ehlers-Danlos syndromes,"an increased range of joint movement (joint hypermobility), stretchy skin, fragile skin that breaks or bruises easily"
Ejaculation problems,
Elbow and arm pain,
Electrocardiogram (ECG),
Electroencephalogram (EEG),
Electrolyte test,
Emergency contraceptive pill (morning after pill),
Emollients,
Empyema,
"Overview
-
Encephalitis","confusion or disorientation, seizures or fits, changes in personality and behaviour, difficulty speaking, weakness or loss of movement in some parts of the body, loss of consciousness"
"Overview
-
Endocarditis","a high temperature, chills, headache, joint and muscle pain"
"Overview
-
Womb (uterus) cancer",
Endometriosis,"severe period pain, that stops you from doing your normal activities, heavy periods, where you need to change your pads or tampons every 1 to 2 hours, or you may bleed through to your clothes., pain when you poo or pee"
Endoscopy,
Enhanced recovery,
"Overview
-
Epidermolysis bullosa","skin that blisters easily, blisters on the hands and soles of the feet, thickened skin that may be scarred or change colour over time, thickening of the skin and nails"
Epididymitis,
"Overview
-
Epidural",
Epiglottitis,"a severe sore throat, difficulty and pain when swallowing, difficulty breathing, which may improve when leaning forwards, breathing that sounds abnormal and high-pitched (stridor), a high temperature, irritability and restlessness, muffled or hoarse voice, drooling"
"Overview
-
Epilepsy","uncontrollable jerking and shaking, called a ""fit"", losing awareness and staring blankly into space, becoming stiff, strange sensations, such as a ""rising"" feeling in the tummy, unusual smells or tastes, and a tingling feeling in your arms or legs, collapsing"
Erectile dysfunction (impotence),
Erythema multiforme,
Erythema nodosum,
Erythrocytosis,"headaches, blurred vision, red skin, particularly in the face, hands and feet – this may be more difficult to see on black or brown skin, tiredness, high blood pressure, dizziness, discomfort in the tummy, confusion, bleeding problems – such as nosebleeds and bruising, gout – which can cause joint pain, stiffness and swelling, itchy skin – especially after a bath or shower"
Erythromelalgia,
Tremor or shaking hands,
Euthanasia and assisted suicide,
Excessive daytime sleepiness (hypersomnia),
Excessive hair growth (hirsutism),
Excessive sweating (hyperhidrosis),
Excessive thirst,
Eye cancer,"shadows, flashes of light, or wiggly lines in your vision, blurred vision, a dark patch in your eye that's getting bigger, partial or total loss of vision, bulging of 1 eye, a lump on your eyelid or in your eye that's increasing in size, eye irritation that is not going away, pain in or around your eye, although this is rare"
Retinoblastoma,
Floaters and flashes in the eyes,
Floaters and flashes in the eyes,
Herpes simplex eye infections,
Eye injuries,
Eye tests for children,
Eyelid problems,
Fabricated or induced illness,
Prosopagnosia (face blindness),
Fainting,"dizziness, cold skin and sweating, feeling warm or hot, feeling sick, changes to your vision"
"Overview
-
Falls",
Farting (flatulence),
Febrile seizures,
Feeling sick (nausea),
"Overview
-
Female genital mutilation (FGM)",
Female sterilisation,
"Overview
-
Femoral hernia repair",
Fetal alcohol spectrum disorder,
High temperature (fever) in adults,
High temperature (fever) in children,
"Overview
-
Fibroids",
"Overview
-
Fibromyalgia","increased sensitivity to pain, muscle stiffness, difficulty getting to sleep or staying asleep, which can make you feel very tired (fatigue), problems with mental processes (known as ""fibro-fog""), such as difficulty concentrating or remembering things, headaches, irritable bowel syndrome (IBS), a digestive condition that causes stomach pain and bloating, feelings of frustration, worry or low mood"
Finger pain,
"Overview
-
First aid",
Febrile seizures,
What to do if someone has a seizure (fit),
Flat feet,
Plagiocephaly and brachycephaly (flat head syndrome),
Farting (flatulence),
Floaters and flashes in the eyes,
Flu,
Flu vaccine,
Food allergy,
Food colours and hyperactivity,
Food intolerance,
Food poisoning,
Foot drop,
Foot pain,
Tight foreskin (phimosis),
"Overview
-
Frontotemporal dementia","personality and behaviour changes – acting inappropriately or impulsively, appearing selfish or unsympathetic, neglecting personal hygiene, overeating, or loss of motivation, language problems – speaking slowly, struggling to make the right sounds when saying a word, getting words in the wrong order, or using words incorrectly, problems with mental abilities – getting distracted easily, struggling with planning and organisation, memory problems – these only tend to occur later on, unlike more common forms of dementia, such as Alzheimer's disease"
"Overview
-
Frostbite",
Frozen shoulder,
Medically unexplained symptoms,
Fungal nail infection,
Gallbladder cancer,
Acute cholecystitis,"a high temperature, feeling sick, being sick, sweating, loss of appetite, yellowing of the skin and the whites of the eyes (jaundice), a bulge in the tummy"
"Overview
-
Gallbladder removal",
"Overview
-
Gallstones","persistent pain, yellowing of the skin and eyes (jaundice), a high temperature"
Ganglion cyst,
"Overview
-
Gangrene",
"Overview
-
Gastrectomy",
Gastritis,
Heartburn and acid reflux,
Diarrhoea and vomiting,
Gastroparesis,
"What is a gastroscopy?
-
Gastroscopy",
"Overview
-
Gender dysphoria",
General anaesthetic,
Generalised anxiety disorder (GAD),"difficulty sleeping, feeling restless, irritable or finding it difficult to concentrate, getting tired easily, feeling tense, stomach problems, a more noticeable or unusual heartbeat (palpitations), feeling lightheaded or dizzy, low mood or depression"
Genetic and genomic testing,
Predictive genetic tests for cancer risk genes,
Genital herpes,
Genital warts,
Rubella (german measles),
"Overview
-
Gestational diabetes","increased thirst, needing to pee more often than usual, a dry mouth, tiredness, blurred eyesight, genital itching or thrush"
Temporal arteritis,"frequent, severe headaches, pain or tenderness at the side of your head (temples) or on the scalp, jaw pain while eating or talking, vision problems, such as double vision or loss of vision in 1 or both eyes"
Giardiasis,"smelly diarrhoea, tummy pain or cramps, farting (flatulence), smelly burps – they may smell like eggs, bloating, weight loss"
Acromegaly,"swollen hands and feet – you may notice a change in your ring or shoe size, tiredness and difficulty sleeping, and sometimes sleep apnoea, gradual changes in your facial features, such as your brow, lower jaw and nose getting larger, or your teeth becoming more widely spaced, numbness and weakness in your hands, caused by a compressed nerve (carpal tunnel syndrome)"
Gilbert's syndrome,
Glandular fever,
"Overview
-
Glaucoma","intense eye pain, nausea and vomiting, a red eye, a headache, tenderness around the eyes, seeing rings around lights, blurred vision"
"Overview
-
Glomerulonephritis","rashes, joint pain, stomach pain, high temperature, shortness of breath, yellowing of the whites of the eyes or the skin, although this may be less noticeable on brown or black skin (jaundice), peeing a lot less than usual, tiredness, loss of appetite and weight loss"
Glue ear,
Glutaric aciduria type 1,
Goitre,
"Overview
-
Gonorrhoea",
Gout,
Granuloma annulare,
Granulomatosis with polyangiitis (GPA),"high temperature, night sweats, feeling weak and tired, joint pain, loss of appetite, weight loss"
Group B strep,
Growing pains,
Guillain-Barré syndrome,"sharp, shooting pain (nerve pain), often in your legs or back, problems breathing, problems with your face, such as drooping face muscles or trouble swallowing or speaking, problems with your eyes, such as double vision"
Gum disease,
Gynaecomastia,
"Overview
-
Haemochromatosis","feeling very tired all the time (fatigue), weight loss, weakness, joint pain, an inability to get or maintain an erection (erectile dysfunction), irregular periods or stopped or missed periods, Brain fog, mood swings, depression and anxiety"
Haemophilia,"bleeding for a long time after an injury, surgery, or having a tooth removed, bruising easily, joint pain, stiffness and swelling"
Haemophilus influenzae type b (Hib),"a high temperature, difficulty breathing – babies may make grunting noises, being sleepier than normal or difficult to wake, blue, grey, pale or blotchy skin, lips or tongue – on brown or black skin this may be noticeable under the nails or around the eyes, a rash that looks like small bruises or bleeding under the skin and does not disappear when you press a glass against it, a headache, a sore throat, swollen or painful joints"
Piles (haemorrhoids),
Hair dye reactions,
Hair loss,
Bad breath,
Hallucinations and hearing voices,
Hamstring injury,
Hand pain,
"Overview
-
Hand tendon repair",
"Hand, foot and mouth disease",
"Overview
-
Having an operation (surgery)",
Hay fever,
Head and neck cancer,
Head injury and concussion,
Head lice and nits,
Headaches,
Tension headaches,
Health anxiety,
Hearing aids and implants,
Hearing loss,
Hearing tests,
Hallucinations and hearing voices,
"Overview
-
Heart attack","chest pain – a feeling of pressure, heaviness, tightness or squeezing across your chest, pain in other parts of the body – it can feel as if the pain is spreading from your chest to your arms (usually the left arm, but it can affect both arms), jaw, neck, back and tummy, feeling lightheaded or dizzy, sweating, shortness of breath, feeling sick (nausea) or being sick (vomiting), an overwhelming feeling of anxiety (similar to a panic attack), coughing or wheezing"
Heart block,"lightheaded or dizzy, faint"
"Overview
-
Coronary artery bypass graft",
"Overview
-
Coronary heart disease","chest pain (angina), shortness of breath, pain in your neck, shoulders, jaw or arms, feeling faint, feeling sick (nausea)"
"Overview
-
Heart failure","breathlessness after activity or at rest, feeling tired most of the time and finding exercise exhausting, feeling lightheaded or fainting, swollen ankles and legs"
Chest pain,
Heart palpitations,
Heart rhythm problems (arrhythmia),"like your heart is pounding, racing, fluttering or missing a beat (heart palpitations) – this may last for a few seconds up to a few minutes, short of breath, lightheaded, dizzy or like you might faint, tired, chest pain or discomfort"
Mitral valve problems,
"Overview
-
Aortic valve replacement",
Heartburn and acid reflux,
Heat exhaustion and heatstroke,
Heat rash (prickly heat),
Heavy periods,
Heel pain,
Help for suicidal thoughts,
Henoch-Schönlein purpura (HSP),
Hepatitis,"muscle and joint pain, a high temperature, feeling and being sick, feeling unusually tired all the time, a general sense of feeling unwell, loss of appetite, tummy pain, dark urine, pale, grey-coloured poo, itchy skin, yellowing of the eyes and skin (jaundice)"
Hepatitis A,
Hepatitis B,
Hepatitis B vaccine,
"Overview
-
Hepatitis C","flu-like symptoms, such as muscle aches and a high temperature (fever), feeling tired all the time, loss of appetite, stomach ache, feeling and being sick"
Herbal medicines,
Hereditary haemorrhagic telangiectasia (HHT),"regular nosebleeds, visible red spots in certain places on the body"
Hereditary spastic paraplegia,"a gradual weakness in the legs, increased muscle tone and stiffness (spasticity), problems peeing – such as an urgent need to pee, even when the bladder is not full, a lack of sensation in the feet (sometimes)"
Hernia,
"Overview
-
Femoral hernia repair",
Hiatus hernia,
"Overview
-
Inguinal hernia repair",
"Overview
-
Umbilical hernia repair",
Genital herpes,
Neonatal herpes (herpes in a baby),
Herpes simplex eye infections,
Herpetic whitlow (whitlow finger),
Hiatus hernia,
Haemophilus influenzae type b (Hib),"a high temperature, difficulty breathing – babies may make grunting noises, being sleepier than normal or difficult to wake, blue, grey, pale or blotchy skin, lips or tongue – on brown or black skin this may be noticeable under the nails or around the eyes, a rash that looks like small bruises or bleeding under the skin and does not disappear when you press a glass against it, a headache, a sore throat, swollen or painful joints"
Hib/MenC vaccine,
Hiccups,
Hidradenitis suppurativa (HS),"around the groin and genitals, in the armpits, on the bottom and around the anus, below the breasts"
High blood pressure,"headaches, blurred vision, chest pain"
High blood sugar (hyperglycaemia),"feeling very thirsty, peeing a lot, feeling weak or tired, blurred vision, losing weight"
"What is high cholesterol?
-
High cholesterol",
High temperature (fever) in adults,
High temperature (fever) in children,
Developmental dysplasia of the hip,
Hip pain in adults,
Hip pain in children (irritable hip),
Hip replacement,
Hirschsprung's disease,"failing to pass meconium within 48 hours – the dark, tar-like poo that healthy babies pass soon after being born (although some babies later diagnosed with Hirschsprung's disease do pass meconium), a swollen belly, vomiting green or yellow-green fluid (bile)"
Excessive hair growth (hirsutism),
"Overview
-
HIV and AIDS",
Hives,
Hoarding disorder,
"Overview
-
Hodgkin lymphoma",
Home oxygen therapy,
Homeopathy,
Homocystinuria,
Worms in humans,
How to check your breasts or chest,
How to check your testicles,
How to collect a sample of poo (stool sample),
HPV vaccine,
"Overview
-
Antiphospholipid syndrome (APS)",
Animal and human bites,
Human papillomavirus (HPV),
"Overview
-
Huntington's disease","difficulty concentrating and memory lapses, depression, stumbling and clumsiness, involuntary jerking or fidgety movements of the limbs and body, mood swings and personality changes, problems swallowing, speaking and breathing, difficulty moving"
"Overview
-
Hydrocephalus","headache, being sick, blurred vision, difficulty walking"
"Overview
-
Hydronephrosis",
Noise sensitivity (hyperacusis),
Excessive sweating (hyperhidrosis),
Hyperparathyroidism,"depression, tiredness, feeling thirsty and peeing a lot, feeling sick and losing your appetite, muscle weakness, constipation, tummy pain, loss of concentration, mild confusion"
Excessive daytime sleepiness (hypersomnia),
High blood pressure,"headaches, blurred vision, chest pain"
"Overview
-
Overactive thyroid (hyperthyroidism)","nervousness, anxiety and irritability, mood swings, difficulty sleeping, persistent tiredness and weakness, sensitivity to heat, swelling in your neck from an enlarged thyroid gland (goitre), an irregular and/or unusually fast heart rate (palpitations), twitching or trembling, weight loss"
Hypnotherapy,
Low blood sugar (hypoglycaemia),
Hypoparathyroidism,"a tingling sensation (paraesthesia) in your fingertips, toes and lips, twitching facial muscles, muscle pains or cramps, particularly in your legs, feet or tummy, tiredness, mood changes, such as feeling irritable, anxious or depressed, dry, rough skin, coarse hair that breaks easily and can fall out, fingernails that break easily"
Low blood pressure (hypotension),"lightheadedness or dizziness, feeling sick, blurred vision, generally feeling weak, confusion, fainting"
Hypothermia,
"Overview
-
Underactive thyroid (hypothyroidism)",
"Overview
-
Hysterectomy",
Hysteroscopy,
Inflammatory bowel disease,"diarrhoea that lasts longer than 4 weeks, tummy pain, blood or mucus (clear slime) in your poo, bleeding from your bottom, feeling tired all the time, losing weight without trying"
"What is IBS?
-
Irritable bowel syndrome (IBS)",
Ichthyosis,
"Overview
-
Idiopathic pulmonary fibrosis","shortness of breath, a persistent dry cough, tiredness, loss of appetite and weight loss, rounded and swollen fingertips (clubbed fingers)"
Ileostomy,
Impetigo,
Erectile dysfunction (impotence),
"Overview
-
Urinary incontinence",
Indigestion,
Infected piercings,
"Overview
-
Infertility",
Inflammatory bowel disease,"diarrhoea that lasts longer than 4 weeks, tummy pain, blood or mucus (clear slime) in your poo, bleeding from your bottom, feeling tired all the time, losing weight without trying"
Flu,
Ingrown hairs,
Ingrown toenail,
"Overview
-
Inguinal hernia repair",
Insect bites and stings,
Insomnia,
Intensive care,
Internal (female) condoms,
Differences in sex development,
Bladder pain syndrome (interstitial cystitis),"intense pelvic pain (felt over your lower tummy), sudden strong urges to pee, needing to pee more often than usual, pain in your lower tummy when your bladder is filling up, which is relieved when you pee, waking up several times during the night to pee"
Intracranial hypertension,"a constant throbbing headache which may be worse in the morning, or when coughing or straining; it may improve when standing up, temporary loss of vision – your vision may become dark or ""greyed out"" for a few seconds at a time; this can be triggered by coughing, sneezing or bending down, feeling and being sick, feeling sleepy, feeling irritable, finding it difficult or painful to look at bright lights (photophobia), hearing a pulsing rhythmic noise in your ears (pulsatile tinnitus), problems with co-ordination and balance, mental confusion, loss of feeling or weakness"
Intrauterine insemination (IUI),
Iron deficiency anaemia,
Irregular periods,
"What is IBS?
-
Irritable bowel syndrome (IBS)",
Hip pain in children (irritable hip),
Isovaleric acidaemia,"developing a distinctive odour of ""sweaty feet"", poor feeding or loss of appetite, weight loss"
Itchy bottom,
Itchy skin,
IUD (intrauterine device) or copper coil,
"IUS (intrauterine system) or hormonal coil
-
Brand names: Mirena, Levosert, Kyleena, Jaydess, Benilexa",
"Overview
-
IVF",
Japanese encephalitis,"a headache, a high temperature, feeling or being sick, tummy pain"
Jaundice,
"Overview
-
Newborn jaundice",
Temporomandibular disorder (TMD),
Jellyfish and other sea creature stings,
Jet lag,"difficulty sleeping at bedtime and waking up in the morning, tiredness and exhaustion, difficulty staying awake during the day, poor sleep quality, concentration and memory problems"
Joint hypermobility syndrome,"often get tired, even after rest, keep getting pain and stiffness in your joints or muscles, keep getting sprains and strains, keep dislocating your joints (they ""pop out""), have poor balance or co-ordination, have thin, stretchy skin, have bladder or bowel problems"
Joint pain,
"Overview
-
Kawasaki disease",
Keloid scars,
Keratosis pilaris,
Kidney cancer,
"Overview
-
Chronic kidney disease","tiredness, swollen ankles, feet or hands, shortness of breath, feeling sick, blood in your pee (urine)"
"Overview
-
Kidney infection","needing to pee suddenly or more often than usual, pain or a burning sensation when peeing, smelly or cloudy pee, blood in your pee"
"Overview
-
Kidney stones","pain in the side of your tummy (abdomen), severe pain that comes and goes, feeling sick or vomiting"
Klinefelter syndrome,"in babies and toddlers – weak muscles and very flexible (hypermobile) joints, learning to sit up, crawl, walk and talk later than usual, being quieter and more passive than usual, having undescended testicles, only one testicle, or a smaller penis, in childhood – shyness and low self-confidence, problems with reading, writing, spelling and paying attention, mild dyslexia or dyspraxia, low energy levels, and difficulty socialising or expressing feelings, in teenagers – growing taller than expected for the family (with long arms and legs), broad hips, poor muscle tone and slower than usual muscle growth, reduced facial and body hair that starts growing later than usual, small, firm testes, and enlarged breasts (gynaecomastia), in adulthood – inability to have children naturally (infertility), low sex drive, small, firm testes, and erection problems."
Meniscus tear (knee cartilage damage),
"Overview
-
Knee ligament surgery",
Knee pain,
Knee replacement,
Knock knees,
Knocked-out tooth,
"Overview
-
Kyphosis",
Labial fusion,
Labyrinthitis and vestibular neuritis,
Lactate dehydrogenase (LDH) test,
Lactose intolerance,
Lambert-Eaton myasthenic syndrome,"aching muscles, feeling very tired all the time (fatigue), difficulty walking and climbing stairs, difficulty lifting objects or raising the arms, drooping eyelids, dry eyes and blurred vision, swallowing problems, dizziness upon standing, a dry mouth, constipation, erectile dysfunction, muscle weakness that gets worse with time"
Laparoscopy (keyhole surgery),
"Overview
-
Laryngeal (larynx) cancer","a change in your voice, such as sounding hoarse, pain when swallowing or difficulty swallowing, a lump or swelling in your neck, a long-lasting cough or breathlessness, a persistent sore throat or earache, a high-pitched wheezing noise when you breathe, in severe cases, difficulty breathing"
Laryngitis,
Laser eye surgery and lens surgery,
"Overview
-
Laxatives",
Lazy eye,
"Overview
-
Learning disabilities",
Leg cramps,
"Overview
-
Venous leg ulcer",
Legionnaires' disease,
Leptospirosis (Weil's disease),"high temperature, headache, body aches and pain, tummy ache, feeling sick or being sick, diarrhoea, redness in the white part of your eyes, yellowing of the skin (which may be harder to see on black or brown skin) or white part of the eyes (jaundice)"
Acute lymphoblastic leukaemia,
"Overview
-
Acute myeloid leukaemia","looking pale or ""washed out"", feeling tired or weak, breathlessness, frequent infections, unusual and frequent bruising or bleeding, such as bleeding gums or nosebleeds, losing weight without trying to"
"What is chronic lymphocytic leukaemia?
-
Chronic lymphocytic leukaemia",
Leukoplakia,
Lichen planus,
Lichen sclerosus,
Limping in children,
Lipoedema,
Lipoma,
Sore or dry lips,
Listeriosis,"a high temperature, aches and pains, chills, feeling or being sick, diarrhoea"
Liver cancer,
Liver disease,"feeling very tired and weak all the time, loss of appetite – which may lead to weight loss, loss of sex drive (libido), yellow skin and whites of the eyes (jaundice), itchy skin, feeling or being sick"
"Overview
-
Alcohol-related liver disease","feeling sick, weight loss, loss of appetite, yellowing of the whites of the eyes or skin (jaundice), swelling in the ankles and tummy, confusion or drowsiness, vomiting blood or passing blood in your stools"
Local anaesthesia,
Long QT syndrome,"fainting, a seizure or fit, a cardiac arrest (where your heart beats so fast that not enough blood gets to your brain, so you become unconscious and stop breathing)"
Long-sightedness,
Lost or changed sense of smell,
Low blood pressure (hypotension),"lightheadedness or dizziness, feeling sick, blurred vision, generally feeling weak, confusion, fainting"
Low blood sugar (hypoglycaemia),
Low sex drive (loss of libido),
Low sperm count,
Low white blood cell count,
Back pain,
Back pain,
"Overview
-
Lumbar decompression surgery",
Lumbar puncture,
Lumps,
"Overview
-
Lung cancer",
Lung health checks,
Lupus,
Lyme disease,"a high temperature, or feeling hot and shivery, headache, muscle and joint pain, tiredness and loss of energy"
"Overview
-
Lymphoedema","an aching, heavy feeling, difficulty with movement, repeated skin infections, developing hard, tight or thickened skin, folds developing in the skin, wart-like growths developing on the skin, fluid leaking through the skin"
"What is AMD?
-
Age-related macular degeneration (AMD)",
Macular hole,
Magnesium test,
Malaria,"a high temperature, sweats and chills, headaches and feeling confused, feeling very tired and sleepy (especially in children), feeling and being sick, tummy pain and diarrhoea, loss of appetite, muscle pains, yellow skin or whites of the eyes, a sore throat, cough and difficulty breathing"
The 'male menopause',
Vasectomy,
Malignant brain tumour (brain cancer),"headaches (often worse in the morning and when coughing or straining), fits (seizures), regularly feeling sick (vomiting), memory problems or changes in personality, weakness, vision problems or speech problems that get worse"
Mallet finger,
"Overview
-
Malnutrition",
Breast screening (mammogram),
Maple syrup urine disease,
"Overview
-
Marfan syndrome",
Mastectomy,
Mastitis,
"Overview
-
Mastocytosis","skin reactions – such as itching and flushing, gut symptoms – such as diarrhoea and vomiting, muscle and joint pain, mood changes, headaches and tiredness (fatigue)"
Mastoiditis,
MCADD,"irritability, poor feeding, sleepiness, floppiness, breathing difficulties, vomiting, seizures (fits), coma"
Measles,
Medical cannabis (and cannabis oils),
Medically unexplained symptoms,
Medicines information,
"What is melanoma skin cancer?
-
Melanoma skin cancer",
Memory loss (amnesia),
MenACWY vaccine,
MenB vaccine,
"Overview
-
Meningitis","a high temperature (fever), being sick, a headache, a rash that does not fade when a glass is rolled over it (but a rash will not always develop), a stiff neck, a dislike of bright lights, drowsiness or unresponsiveness, seizures (fits)"
Meniscus tear (knee cartilage damage),
"Overview
-
Menopause",
Early menopause,
Period pain,
Mesothelioma,"chest pain, shortness of breath, fatigue (extreme tiredness), a high temperature and sweating, particularly at night, a persistent cough, loss of appetite and unexplained weight loss, clubbed (swollen) fingertips"
Metabolic syndrome,
Metallic taste,
Pain in the ball of the foot,
Middle East respiratory syndrome (MERS),"a high temperature, a cough, shortness of breath or difficulty breathing"
Migraine,
"Overview
-
Miscarriage",
Missed or late periods,
Mitral valve problems,
"MMR (measles, mumps and rubella) vaccine",
Molar pregnancy,
Moles,
Molluscum contagiosum,
Morton's neuroma,
Motion sickness,
Motor neurone disease,"weakness in your ankle or leg – you might trip, or find it harder to climb stairs, slurred speech, which may develop into difficulty swallowing some foods, a weak grip – you might drop things, or find it hard to open jars or do up buttons, muscle cramps and twitches, weight loss – your arms or leg muscles may have become thinner over time, difficulty stopping yourself from crying or laughing in inappropriate situations"
Mouth cancer,
Oral thrush (mouth thrush),
Mouth ulcers,
Mpox,"a high temperature (fever), a headache, muscle aches, backache, swollen glands, shivering (chills), exhaustion, joint pain"
"Overview
-
MRI scan",
MRSA,"is painful and swollen, feels warm when you touch it, leaks pus or liquid, looks red – though this may be harder to see on brown or black skin"
Mucositis,"a dry mouth, a sore mouth, which can make eating and drinking painful, mouth ulcers, bad breath, a fungal mouth infection (oral thrush)"
"Overview
-
Multiple myeloma","a persistent bone pain, usually in the back, ribs or hips, tiredness, weakness and shortness of breath – caused by anaemia, high levels of calcium in the blood (hypercalcaemia) – which may cause symptoms including extreme thirst, stomach pain, needing to pee frequently, constipation or confusion, weight loss, blurred vision, dizziness or headaches – caused by thickened blood (hyperviscosity), repeated infections, bruising and unusual bleeding – such as frequent nosebleeds, bleeding gums and heavy periods, weak bones that break (fracture) easily – if this affects the spine, it might cause symptoms such as pins and needles, numbness and weakness in the legs and feet, and problems controlling your bladder and bowels, which requires emergency investigation, kidney problems"
Multiple sclerosis,"feeling extremely tired (fatigue), problems with your eyes or your vision, such as blurred vision or eye pain, numbness or a tingling feeling in different parts of the body, feeling off balance, dizzy or clumsy (uncoordinated), muscle cramps, spasms and stiffness, needing to pee more often or not being able to control when you pee, problems with memory or concentration, sexual problems, including a dry vagina or erection problems"
Multiple system atrophy,"constantly feeling the need to pee, peeing more frequently, loss of bladder control, unable to empty the bladder properly, unable to pee"
"Overview
-
Mumps",
Munchausen syndrome,
"Overview
-
Muscular dystrophy",
"Overview
-
Myalgic encephalomyelitis or chronic fatigue syndrome (ME/CFS)","feeling extremely tired all the time (fatigue), which can make daily activities like taking a shower, or going to work or school, difficult, sleep problems, including insomnia, sleeping too much, feeling like you have not slept properly and feeling exhausted or stiff when you wake up, problems with thinking, concentration and memory (brain fog), symptoms getting worse after physical or mental activity, and possibly taking weeks to get better (also called post-exertional malaise, or PEM)"
"Overview
-
Myasthenia gravis","droopy eyelids, double vision, difficulty making facial expressions, problems chewing and difficulty swallowing, slurred speech, weak arms, legs or neck, shortness of breath and occasionally serious breathing difficulties"
Myelodysplastic syndrome (myelodysplasia),"weakness, tiredness and occasional breathlessness (because of the low number of red blood cells), frequent infections (because of the low number of white blood cells), bruising and easy bleeding, such as nosebleeds (because of the low number of platelets)"
"Overview
-
Multiple myeloma","a persistent bone pain, usually in the back, ribs or hips, tiredness, weakness and shortness of breath – caused by anaemia, high levels of calcium in the blood (hypercalcaemia) – which may cause symptoms including extreme thirst, stomach pain, needing to pee frequently, constipation or confusion, weight loss, blurred vision, dizziness or headaches – caused by thickened blood (hyperviscosity), repeated infections, bruising and unusual bleeding – such as frequent nosebleeds, bleeding gums and heavy periods, weak bones that break (fracture) easily – if this affects the spine, it might cause symptoms such as pins and needles, numbness and weakness in the legs and feet, and problems controlling your bladder and bowels, which requires emergency investigation, kidney problems"
Short-sightedness (myopia),
Myositis,
Ménière's disease,
Fungal nail infection,
Nail patella syndrome,"increased pressure in the eyes (glaucoma) which can develop at an earlier age than usual, numbness, tingling or a burning sensation in the hands and feet, poor blood circulation in the hands and feet, constipation or irritable bowel syndrome (IBS), difficulty putting on weight, particularly muscle, thin bones (osteoporosis), particularly in the hips, a high forehead and hairline"
Nail problems,
Nappy rash,
"Overview
-
Narcolepsy",
Nasal and sinus cancer,"a blocked nose that does not go away and usually only affects 1 side, nosebleeds, a decreased sense of smell, mucus running from your nose – this can be bloody, mucus draining into the back of your nose and throat"
Nasal polyps,
Nasopharyngeal cancer,"a lump in the neck that doesn’t go away after 3 weeks, hearing loss (usually only in 1 ear), tinnitus (hearing sounds that come from inside the body rather than from an outside source), a blocked or stuffy nose (usually only blocked on 1 side), nosebleeds, headaches, double vision, numbness in the bottom part of your face, swallowing problems, a hoarse voice, unintentional weight loss"
Natural family planning,
Feeling sick (nausea),
Neck pain,
Necrotising fasciitis,
Neonatal herpes (herpes in a baby),
Nephrotic syndrome in children,
Neuroendocrine tumours,
Neuroendocrine tumours and carcinoid syndrome,
"Overview
-
Neurofibromatosis type 1","birthmarks known as café au lait spots, which are light or dark brown patches that can be anywhere on the body, soft, non-cancerous tumours on or under the skin (neurofibromas), clusters of freckles in unusual places – such as the armpits, groin and under the breast, problems with the bones, eyes and nervous system"
"Overview
-
Neurofibromatosis type 2","hearing loss that gradually gets worse over time, hearing ringing or buzzing in the ears (tinnitus), balance problems – particularly when moving in the dark or walking on uneven ground"
Neuromyelitis optica (NMO),"eye pain and problems with your eyesight or your colour vision, in one or both eyes, sharp, burning or shooting pain (nerve pain) in your back, neck, arms or legs, weakness, numbness or paralysis in your arms or legs, muscle spasms (where your muscles suddenly tighten), problems with your bladder and bowels, such as incontinence, constipation or not being able to pee, sexual problems, such as not being able to get an erection or reach orgasm, vomiting and hiccups"
"Overview
-
Newborn jaundice",
Newborn respiratory distress syndrome,"blue-coloured lips, fingers and toes, rapid, shallow breathing, flaring nostrils, a grunting sound when breathing"
NHS screening,
Night sweats,
Night terrors and nightmares,
Nipple discharge,
Noise sensitivity (hyperacusis),
Non-alcoholic fatty liver disease (NAFLD),"a dull or aching pain in the top right of the tummy (over the lower right side of the ribs), extreme tiredness, unexplained weight loss, weakness"
Non-allergic rhinitis,
Urethritis,
"Overview
-
Non-Hodgkin lymphoma",
Non-melanoma skin cancer,
"Overview
-
Noonan syndrome",
Norovirus (vomiting bug),"feeling sick, being sick (vomiting), diarrhoea"
Nasal and sinus cancer,"a blocked nose that does not go away and usually only affects 1 side, nosebleeds, a decreased sense of smell, mucus running from your nose – this can be bloody, mucus draining into the back of your nose and throat"
Nosebleed,
NSAIDs,
"Overview
-
Obesity",
Obsessive compulsive disorder (OCD),
Sleep apnoea,
Occupational therapy,
Oesophageal atresia and tracheo-oesophageal fistula,
Oesophageal cancer,
Oral thrush (mouth thrush),
Orf,
"Overview
-
Orthodontics",
"Overview
-
Osteoarthritis","swelling, tenderness, grating or crackling sound when moving the affected joints"
"Overview
-
Rickets and osteomalacia",
Osteomyelitis,"swelling of the affected area, a feeling of warmth on the affected area, redness of the skin in the affected area, which may be harder to see on black or brown skin, a limp (more common in children), a high temperature"
"Overview
-
Osteopathy",
Osteophyte (bone spur),"pins and needles, numbness or weakness in the arms and legs, lumps on joints like the fingers, big toe, heel and ankle"
"Overview
-
Osteoporosis",
Otosclerosis,
"Overview
-
Ovarian cancer",
"Overview
-
Ovarian cyst","pelvic pain – this can range from a dull, heavy sensation to a sudden, severe and sharp pain, pain during sex, difficulty emptying your bowels, a frequent need to urinate, heavy periods, irregular periods or lighter periods than normal, bloating and a swollen tummy, feeling very full after only eating a little, difficulty getting pregnant – although fertility is usually unaffected by ovarian cysts"
"Overview
-
Overactive thyroid (hyperthyroidism)","nervousness, anxiety and irritability, mood swings, difficulty sleeping, persistent tiredness and weakness, sensitivity to heat, swelling in your neck from an enlarged thyroid gland (goitre), an irregular and/or unusually fast heart rate (palpitations), twitching or trembling, weight loss"
Ovulation pain,
Home oxygen therapy,
"Overview
-
Pacemaker implantation",
"Overview
-
Paget's disease of bone","bone or joint pain, skin feeling warm over the affected bone, changes in bone shape, a shooting pain that travels along or across the body, numbness and tingling (peripheral neuropathy), or balance problems"
"Overview
-
Paget's disease of the nipple",
Testicle pain,
Pain in the back of the hand,
Pain in the ball of the foot,
Pain in the bottom of the foot,
Pain in the palm of the hand,
Pain in the top of the foot,
Bladder pain syndrome (interstitial cystitis),"intense pelvic pain (felt over your lower tummy), sudden strong urges to pee, needing to pee more often than usual, pain in your lower tummy when your bladder is filling up, which is relieved when you pee, waking up several times during the night to pee"
Period pain,
Heart palpitations,
Pancreatic cancer,
"Overview
-
Acute pancreatitis","suddenly getting severe pain in the centre of your tummy (abdomen), feeling or being sick, a high temperature of 38C or more (fever)"
"Overview
-
Chronic pancreatitis",
Panic disorder,"a racing heartbeat, feeling faint, sweating, nausea, chest pain, shortness of breath, trembling, hot flushes, chills, shaky limbs, a choking sensation, dizziness, numbness or pins and needles, dry mouth, a feeling of dread or a fear of dying, a churning stomach, a tingling in your fingers, feeling like you're not connected to your body"
Paralysis,"you cannot move some or all of your face or body, your face or body is weak or floppy, your face or body is numb, painful or tingles all the time, your face or body is stiff with muscle spasms and twitches"
"Overview
-
Parkinson's disease","involuntary shaking of particular parts of the body (tremor), slow movement, stiff and inflexible muscles"
Patau's syndrome,"cleft lip and palate, an abnormally small eye or eyes (microphthalmia), absence of 1 or both eyes (anophthalmia)"
Peak flow test,
"Overview
-
Pelvic inflammatory disease","pain around the pelvis or lower tummy, discomfort or pain during sex that's felt deep inside the pelvis, pain when peeing, bleeding between periods and after sex, heavy periods, painful periods, unusual vaginal discharge, especially if it's yellow, green or smelly"
"Overview
-
Pelvic organ prolapse","a feeling of heaviness around your lower tummy and genitals, a dragging discomfort inside your vagina, feeling like there's something coming down into your vagina – it may feel like sitting on a small ball, feeling or seeing a bulge or lump in or coming out of your vagina, discomfort or numbness during sex, problems peeing – such as feeling like your bladder is not emptying fully, needing to go to the toilet more often, or leaking a small amount of pee when you cough, sneeze or exercise (stress incontinence)"
Pelvic pain,"a sharp, stabbing or burning pain that happens suddenly, a pain that comes on slowly but does not go away, a dull or heavy ache, or feeling of pressure, a twisted or knotted feeling, a cramping or throbbing pain, which may come and go, pain only when you’re doing something, like exercising, having sex, or peeing"
Pemphigus vulgaris,
Penile cancer,
Penis lumps and spots,
Perforated eardrum,
Pericarditis,
"Overview
-
Menopause",
Period pain,
"Overview
-
Periods",
Heavy periods,
Irregular periods,
Missed or late periods,
"Overview
-
Peripheral arterial disease (PAD)","hair loss on your legs and feet, numbness or weakness in the legs, brittle, slow-growing toenails, ulcers (open sores) on your feet and legs, which do not heal, changing skin colour on your legs, such as turning paler than usual or blue – this may be harder to see on brown and black skin, shiny skin, in men, erectile dysfunction, the muscles in your legs shrinking (wasting)"
"Overview
-
Peripheral neuropathy","numbness and tingling in the feet or hands, burning, stabbing or shooting pain in affected areas, loss of balance and co-ordination, muscle weakness, especially in the feet"
Peritonitis,
Persistent trophoblastic disease and choriocarcinoma,
Personality disorders,
PET scan,
Peyronie's disease,
Phaeochromocytoma,"headaches, heavy sweating, heart palpitations, high blood pressure, a pale face, feeling or being sick, feeling anxious or panicky, shakiness (tremor)"
Phenylketonuria,"behavioural difficulties such as frequent temper tantrums and episodes of self-harm, fairer skin, hair and eyes than siblings who do not have the condition (phenylalanine is involved in the body's production of melanin, the pigment responsible for skin and hair colour), eczema, repeatably being sick, jerking movements in arms and legs, tremors, epilepsy, musty smell to the breath, skin and urine"
Tight foreskin (phimosis),
Phlebitis (superficial thrombophlebitis),
Phobias,
Phosphate test,
Photodynamic therapy (PDT),
"Overview
-
Physiotherapy",
Piles (haemorrhoids),
Pilonidal sinus,
Pins and needles,
PIP breast implants,
Pityriasis rosea,
Pityriasis versicolor,
Plagiocephaly and brachycephaly (flat head syndrome),
Plantar fasciitis,
"Overview
-
Plastic surgery",
Pleurisy,
PMS (premenstrual syndrome),"mood swings, feeling depressed or irritable, feeling upset, anxious or emotional, tiredness or trouble sleeping, bloating or cramping, breast tenderness, headaches, spotty skin, greasy hair, changes in appetite or food cravings"
Pneumococcal vaccine,
Pneumonia,"a cough – you may cough up yellow or green mucus (phlegm), shortness of breath, a high temperature, chest pain, an aching body, feeling very tired, loss of appetite, making wheezing noises when you breathe – babies may also make grunting noises, feeling confused – this is common in older people"
"Overview
-
Poisoning",
Polio,"a high temperature, extreme tiredness (fatigue), headaches, being sick (vomiting), a stiff neck, muscle pain"
"Overview
-
Autosomal dominant polycystic kidney disease",
"Overview
-
Autosomal recessive polycystic kidney disease",
"Overview
-
Polycystic ovary syndrome","irregular periods or no periods at all, difficulty getting pregnant as a result of irregular ovulation or no ovulation, excessive hair growth (hirsutism) – usually on the face, chest, back or buttocks, weight gain, thinning hair and hair loss from the head, oily skin or acne"
Polyhydramnios (too much amniotic fluid),"indigestion and heartburn, constipation, breathlessness, swollen feet and legs, urinary tract infections (UTIs)"
Polymorphic light eruption,"you may get crops of 2mm to 5mm raised, pink or red spots, but redness may be harder to see on brown and black skin, some people get blisters that turn into larger, dry patches – it looks a bit like eczema, less commonly, the patches look like a target or ""bulls-eye"" (it looks a bit like erythema multiforme)"
"Overview
-
Polymyalgia rheumatica","extreme tiredness, loss of appetite, weight loss, depression"
Pompholyx (dyshidrotic eczema),
"Overview
-
Baker's cyst",
"Overview
-
Post-herpetic neuralgia","feel intensely itchy, be more sensitive to pain than usual, feel painful as a result of something that would not normally hurt, such as a light touch or cool breeze"
Post-mortem,
"Overview
-
Post-polio syndrome","persistent fatigue (extreme tiredness), muscle weakness, shrinking muscles, muscle and joint pain, sleep apnoea"
Post-traumatic stress disorder (PTSD),
Postmenopausal bleeding,
Postnatal depression,
Postpartum psychosis,"hallucinations – hearing, seeing, smelling or feeling things that are not there, delusions – suspicions, fears, thoughts or beliefs that are unlikely to be true, mania – feeling very ""high"" or overactive, for example, talking and thinking too much or too quickly, restlessness or losing normal inhibitions, a low mood – showing signs of depression, being withdrawn or tearful, lacking energy, having a loss of appetite, anxiety, agitation or trouble sleeping, sometimes a mixture of both a manic mood and a low mood - or rapidly changing moods, feeling very confused"
Postural tachycardia syndrome (PoTS),
Potassium test,
"Overview
-
Prader-Willi syndrome","an excessive appetite and overeating, which can easily lead to dangerous weight gain, restricted growth (children are much shorter than average), floppiness caused by weak muscles (hypotonia), learning difficulties, lack of sexual development, behavioural challenges, such as emotional outbursts and physical aggression"
"Overview
-
Pre-eclampsia","severe headache, vision problems, such as blurring or flashing, pain just below the ribs, vomiting, sudden swelling of the face, hands or feet"
Predictive genetic tests for cancer risk genes,
Pregnancy,
Ejaculation problems,
Pressure ulcers (pressure sores),
Priapism (painful erections),
Heat rash (prickly heat),
"Overview
-
Primary biliary cholangitis (primary biliary cirrhosis)","bone and joint aches, fatigue (extreme tiredness), itchy skin, dry eyes and mouth, pain or discomfort in the upper right side of their tummy"
Probiotics,
Problems swallowing pills,
Anal pain,
Progestogen-only pill,
"Overview
-
Progressive supranuclear palsy",
"Overview
-
Pelvic organ prolapse","a feeling of heaviness around your lower tummy and genitals, a dragging discomfort inside your vagina, feeling like there's something coming down into your vagina – it may feel like sitting on a small ball, feeling or seeing a bulge or lump in or coming out of your vagina, discomfort or numbness during sex, problems peeing – such as feeling like your bladder is not emptying fully, needing to go to the toilet more often, or leaking a small amount of pee when you cough, sneeze or exercise (stress incontinence)"
Prosopagnosia (face blindness),
"Overview
-
Prostate cancer","an increased need to pee, straining while you pee, a feeling that your bladder has not fully emptied"
"Overview
-
Benign prostate enlargement","difficulty starting to pee, a frequent need to pee, difficulty fully emptying your bladder"
Prostate problems,
Prostatitis,
PSA test,
"Overview
-
Psoriasis",
Psoriatic arthritis,
Psychiatry,
Psychosis,
Psychotic depression,"fatigue (exhaustion), disturbed sleep, changes in appetite, feeling worthless and guilty, being unable to concentrate or being indecisive, thoughts of death or suicide"
Early or delayed puberty,
Pubic lice,
Pudendal neuralgia,
Pulmonary embolism,
"Overview
-
Idiopathic pulmonary fibrosis","shortness of breath, a persistent dry cough, tiredness, loss of appetite and weight loss, rounded and swollen fingertips (clubbed fingers)"
"Overview
-
Pulmonary hypertension","shortness of breath, tiredness, feeling faint or dizzy, chest pain (angina), a racing heartbeat (palpitations), swelling (oedema) in the legs, ankles, feet or tummy (abdomen)"
Pyoderma gangrenosum,
Q fever,"a high temperature, aching muscles, tiredness, feeling sick, a sore throat, swollen glands"
Tonsillitis,
"Overview
-
Rabies","numbness or tingling where you were bitten or scratched, seeing things that are not there (hallucinations), feeling very anxious or energetic, difficulty swallowing or breathing, being unable to move (paralysis)"
"Overview
-
Radiotherapy",
Rashes in babies and children,
Raynaud's,
Reactive arthritis,"sore, stiff and swollen joints, skin around painful joints might feel hot and look red (but redness can be harder to see on black and brown skin), feeling very tired"
Bleeding from the bottom (rectal bleeding),
Bowel cancer,
Rectal examination,
Red blood cell count,
Red eye,
Reflux in babies,
Kidney cancer,
Repetitive strain injury (RSI),
Respiratory syncytial virus (RSV),"a runny or blocked nose, a cough, sneezing, tiredness, a high temperature – signs include your back or chest feeling hotter than usual, sweatiness and shivering (chills)"
RSV vaccine,
Respiratory tract infections (RTIs),
"Overview
-
Restless legs syndrome",
"Overview
-
Restricted growth (dwarfism)",
Detached retina (retinal detachment),
Retinal migraine,
Retinoblastoma,
Rett syndrome,
Reye's syndrome,
"Overview
-
Rhesus disease",
Rheumatic fever,"a high temperature, redness, pain and swelling of your joints (arthritis), usually ankles, knees, wrists or elbows, pain in your chest, breathlessness and a fast heart rate, jerky, uncontrollable movements in your hands, feet and face, tiny bumps under your skin, pale-red patches on your arms and tummy (abdomen)"
"Overview
-
Rheumatoid arthritis",
Allergic rhinitis,
"Overview
-
Rickets and osteomalacia",
Ringworm,
"Overview
-
Root canal treatment",
Rosacea,
Roseola,
Rotavirus vaccine,
Worms in humans,
RSV vaccine,
Respiratory syncytial virus (RSV),"a runny or blocked nose, a cough, sneezing, tiredness, a high temperature – signs include your back or chest feeling hotter than usual, sweatiness and shivering (chills)"
Rubella (german measles),
Salivary gland stones,
Sarcoidosis,"tender and swollen glands in the face, neck, armpits or groin, tiredness and a general feeling of being unwell, painful joints, red or sore eyes, an abnormal heart rhythm (arrhythmia), a blocked or stuffy nose, pain in the bones, kidney stones, headache"
Scabies,
Scarlet fever,
Scars,
Schistosomiasis (bilharzia),"a high temperature (fever), an itchy, red, blotchy and raised rash, a cough, diarrhoea, muscle and joint pain, tummy pain, a general sense of feeling unwell"
Schizophrenia,
Sciatica,
Scleroderma,
"Overview
-
Scoliosis","a visibly curved spine, leaning to 1 side, uneven shoulders, 1 shoulder or hip sticking out, the ribs sticking out on 1 side, clothes not fitting well"
Scurvy,"feeling very tired and weak all the time, feeling irritable and sad all the time, joint, muscle or leg pain, swollen, bleeding gums (sometimes teeth can fall out), developing red or blue spots on the skin, usually on the legs and feet, although this may be less noticeable on brown or black skin, skin that bruises easily"
Seasonal affective disorder (SAD),
Febrile seizures,
What to do if someone has a seizure (fit),
Selective mutism,
Self-harm,
Lost or changed sense of smell,
"Symptoms
-
Sepsis",
Septic arthritis,
"Symptoms
-
Sepsis",
Sexually transmitted infections (STIs),
Tremor or shaking hands,
Shin splints,
Shin splints,
Shingles,
Shingles vaccine,
Short-sightedness (myopia),
Shortness of breath,
Shoulder impingement,
Shoulder pain,
Sick building syndrome,
"Overview
-
Sickle cell disease","painful episodes called sickle cell crises, which can be very severe and last for days or weeks, an increased risk of serious infections, anaemia (where red blood cells cannot carry enough oxygen around the body), which can cause tiredness and shortness of breath"
Silicosis,
Nasal and sinus cancer,"a blocked nose that does not go away and usually only affects 1 side, nosebleeds, a decreased sense of smell, mucus running from your nose – this can be bloody, mucus draining into the back of your nose and throat"
Sinusitis (sinus infection),
Sinusitis (sinus infection),
Sjögren's syndrome,"dry eyes, a dry mouth, aching muscles and joints, extreme tiredness"
Skin abscess,
"What is melanoma skin cancer?
-
Melanoma skin cancer",
Skin cyst,
Skin picking disorder,
Skin tags,
Slapped cheek syndrome,
Sleep apnoea,
Sleep paralysis,
Sleepwalking,
Slipped disc,
Smelly feet,
Smelly urine,
Stop smoking treatments,
Snake bites,
Snoring,
Social anxiety (social phobia),"worry about everyday activities, such as meeting strangers, starting conversations, speaking on the phone, working or shopping, avoid or worry a lot about social activities, such as group conversations, eating with company and parties, always worry about doing something you think is embarrassing, such as blushing, sweating or appearing incompetent, find it difficult to do things when others are watching – you may feel like you're being watched and judged all the time, fear being criticised, avoid eye contact or have low self-esteem, often have symptoms like feeling sick, sweating, trembling or a pounding heartbeat (palpitations), have panic attacks, where you have an overwhelming sense of fear and anxiety, usually only for a few minutes"
Soft tissue sarcoma,
Soiling (child pooing their pants),
Actinic keratoses (solar keratoses),
Sore or dry lips,
Sore or dry lips,
Sore or white tongue,
Sore throat,
Low sperm count,
"Overview
-
Spina bifida","weakness or total paralysis of the legs, bowel incontinence and urinary incontinence, loss of skin sensation in the legs and around the bottom – the child is unable to feel hot or cold, which can lead to accidental injury"
Spinal muscular atrophy (SMA),"muscle weakness – such as floppy or weak arms and legs, movement problems – such as difficulty sitting up, crawling or walking, problems with breathing or swallowing, twitching or shaking muscles (tremors), bone and joint problems – such as an unusually curved spine (scoliosis)"
Spirometry,
Spleen problems and spleen removal,
Spondylolisthesis,
Sprains and strains,
"Overview
-
Squint",
"Overview
-
Stammering",
Staph infection,
"Overview
-
Statins",
"Overview
-
Stem cell and bone marrow transplants",
"Overview
-
Coronary angioplasty and stent insertion",
Female sterilisation,
Vasectomy,
Topical corticosteroids,
Steroid inhalers,
Steroid injections,
Anabolic steroid misuse,
Steroid nasal sprays,
Steroid tablets,
Steroids,
Stevens-Johnson syndrome,"on your lips and in your mouth and throat – this can make swallowing painful, in the tube that carries pee out of your body – this can cause pain when peeing, on your eyes – this can cause eye pain, pain when looking at bright lights and problems with your sight"
"Overview
-
Stillbirth",
Insect bites and stings,
Stomach ache,
Diarrhoea and vomiting,
"What is stomach cancer?
-
Stomach cancer",
"Overview
-
Stomach ulcer",
Stop smoking treatments,
Strep A,"flu-like symptoms, such as a high temperature, swollen glands or an aching body, sore throat (strep throat or tonsillitis), a rash that feels rough, like sandpaper (scarlet fever), scabs and sores (impetigo), pain and swelling (cellulitis), severe muscle aches, nausea and vomiting"
Stretch marks,
Stroke,
"Overview
-
Stammering",
Stye,
"Overview
-
Subarachnoid haemorrhage","a sudden severe headache unlike anything you’ve experienced before, a stiff neck, feeling and being sick, sensitivity to light (photophobia), blurred or double vision, stroke-like symptoms – such as slurred speech and weakness on one side of the body, loss of consciousness or convulsions (uncontrollable shaking)"
"Overview
-
Subdural haematoma",
Sudden confusion (delirium),
Sudden infant death syndrome (SIDS),
Sunburn,
Phlebitis (superficial thrombophlebitis),
Supraventricular tachycardia (SVT),"usually lasts for a few minutes, but can sometimes last for several hours, can happen several times a day or once a year – it varies, can be triggered by caffeine, alcohol or drugs – but often there's no obvious trigger, can happen at any age, but often starts for the first time in children and young adults – many people have their first symptoms between 25 and 40 years old"
"Overview
-
Having an operation (surgery)",
Problems swallowing pills,
Dysphagia (swallowing problems),
Heat rash (prickly heat),
Excessive sweating (hyperhidrosis),
Heat rash (prickly heat),
Night sweats,
"Swollen ankles, feet and legs (oedema)",
Swollen arms and hands (oedema),
Swollen glands,
Syphilis,
Tailbone (coccyx) pain,
Worms in humans,
Tay-Sachs disease,"being overly startled by noises and movement, being very slow to reach milestones like learning to crawl, and losing skills they have already learnt, floppiness and weakness, which keeps getting worse until they're unable to move (paralysis), difficulty swallowing, loss of vision or hearing, muscle stiffness, seizures (fits)"
Tuberculosis (TB),
Td/IPV vaccine (3-in-1 teenage booster),
Teeth grinding (bruxism),"face, neck and shoulder pain, a painful jaw, which can lead to a condition called temporomandibular disorder (TMD), worn-down or broken teeth, which can cause increased sensitivity and loss of teeth and fillings, headaches, earache, disturbed sleep"
Teeth whitening,
Temporal arteritis,"frequent, severe headaches, pain or tenderness at the side of your head (temples) or on the scalp, jaw pain while eating or talking, vision problems, such as double vision or loss of vision in 1 or both eyes"
Temporomandibular disorder (TMD),
Tendonitis,"pain in a tendon that gets worse when you move, difficulty moving the joint, feeling a grating or crackling sensation when you move the tendon, swelling, sometimes with heat or redness"
Tennis elbow,
TENS (transcutaneous electrical nerve stimulation),
Tension headaches,
Testicle lumps and swellings,
Testicle pain,
Testicular cancer,
Tetanus,"a stiff jaw (lockjaw), which can make opening your mouth difficult, painful muscle spasms, often in your back, tummy, arms, legs, hands and feet, difficulty breathing, swallowing problems, a high temperature, sweating, a fast heartbeat, fits (seizures)"
"Overview
-
Thalassaemia","anaemia – severe tiredness, weakness, shortness of breath, pounding, fluttering or irregular heartbeats (palpitations) and pale skin caused by the lack of haemoglobin, too much iron in the body – this is caused by the regular blood transfusions used to treat anaemia and can cause problems with the heart, liver and hormone levels if untreated"
The 'male menopause',
Excessive thirst,
Thoracic outlet syndrome,
Threadworms,
Sore throat,
Thrombophilia,"throbbing pain and swelling in your legs and arms (deep vein thrombosis), sudden breathing difficulties, chest pain and coughing up blood (pulmonary embolism)"
Thrush in men and women,
Thumb pain,
Thyroid cancer,
"Overview
-
Transient ischaemic attack (TIA)","Face – the face may have dropped on 1 side, the person may not be able to smile, or their mouth or eye may have dropped., Arms – the person may not be able to lift both arms and keep them raised because of weakness or numbness in 1 arm., Speech – their speech may be slurred or garbled, or the person may not be able to talk at all, despite appearing to be awake; they may also have problems understanding what you're saying to them., Time – it's time to call 999 immediately if you see any of these signs or symptoms."
Tick-borne encephalitis (TBE),"a high temperature, tiredness, headache, aches and pains, feeling sick"
"Overview
-
Tics",
Tight foreskin (phimosis),
Tinnitus,
Tiredness and fatigue,
Toe pain,
Sore or white tongue,
Tongue-tie,
Tonsillitis,
"Chipped, broken or cracked tooth",
Tooth decay,
Knocked-out tooth,
Toothache,
Topical corticosteroids,
Total iron-binding capacity (TIBC) and transferrin test,
Total protein test,
Tourette's syndrome,"blinking, eye rolling, grimacing, shoulder shrugging, jerking of the head or limbs, jumping, twirling, touching objects and other people"
Toxic shock syndrome,
Toxocariasis,"a high temperature, coughing or wheezing, stomach ache, an itchy rash, eye pain or redness, changes to your sight, such as seeing small dots or lines (floaters) or flashes of light, loss of vision (usually in 1 eye)"
Toxoplasmosis,
"Overview
-
Tracheostomy",
"Overview
-
Transient ischaemic attack (TIA)","Face – the face may have dropped on 1 side, the person may not be able to smile, or their mouth or eye may have dropped., Arms – the person may not be able to lift both arms and keep them raised because of weakness or numbness in 1 arm., Speech – their speech may be slurred or garbled, or the person may not be able to talk at all, despite appearing to be awake; they may also have problems understanding what you're saying to them., Time – it's time to call 999 immediately if you see any of these signs or symptoms."
"Overview
-
Transurethral resection of the prostate (TURP)",
Travel vaccinations,
Tremor or shaking hands,
Tremor or shaking hands,
"Overview
-
Trichomoniasis","abnormal vaginal discharge that may be thick, thin or frothy and yellow-green in colour, producing more discharge than normal, which may also have an unpleasant fishy smell, soreness, swelling and itching around the vagina – sometimes the inner thighs also become itchy, pain or discomfort when passing urine or having sex"
Trichotillomania (hair pulling disorder),"eyebrows, eyelashes, genital area, beard or moustache"
"Overview
-
Trigeminal neuralgia",
"Overview
-
Trigger finger",
Trimethylaminuria ('fish odour syndrome'),"breath, sweat, pee, vaginal fluids"
Tuberculosis (TB),
"Overview
-
Tuberous sclerosis",
Stomach ache,
Diarrhoea and vomiting,
"Overview
-
Turner syndrome",
Twitching eyes and muscles,
Type 1 diabetes,
"What is type 2 diabetes?
-
Type 2 diabetes",
"Overview
-
Typhoid fever","a persistent high temperature that gradually increases each day, headache, general aches and pains, extreme tiredness (fatigue), cough, constipation"
Typhus,"a high temperature, headache, a rash, which may be harder to see on black or brown skin, feeling sick or being sick, feeling generally unwell"
"Overview
-
Ulcerative colitis","recurring diarrhoea, which may contain blood, mucus or pus, tummy pain, needing to poo frequently"
Ultrasound scan,
"Overview
-
Umbilical hernia repair",
"Overview
-
Underactive thyroid (hypothyroidism)",
"Overview
-
Undescended testicles",
Unintentional weight loss,
Back pain,
Urethritis,
"Overview
-
Urinary catheter",
"Overview
-
Urinary incontinence",
Urinary tract infections (UTIs),
Smelly urine,
Urine albumin to creatinine ratio (ACR),
"Overview
-
Womb (uterus) cancer",
Uveitis,
Vaginal bleeding between periods or after sex,
"Overview
-
Vaginal cancer",
Vaginal discharge,
Vaginal dryness,"feel sore or itchy in and around your vagina, feel pain or discomfort during sex, need to pee more often than usual, keep getting urinary tract infections (UTIs)"
Vulvodynia (vulval pain),
Vaginal ring,
Vaginismus,
Vaginitis,
"Overview
-
Varicose eczema","itchy and swollen, dry and flaky, scaly, crusty or blistered"
Varicose veins,
"Overview
-
Vascular dementia","slowness of thought, difficulty with planning and understanding, problems with concentration, changes to your mood, personality or behaviour, feeling disoriented and confused, difficulty walking and keeping balance, symptoms of Alzheimer's disease, such as problems with memory and language (many people with vascular dementia also have Alzheimer's disease)"
Vasculitis,
Vasectomy,
"Overview
-
Venous leg ulcer",
Vertigo,
Labyrinthitis and vestibular neuritis,
Acoustic neuroma (vestibular schwannoma),"hearing loss that usually only affects 1 ear, hearing sounds that come from inside the body (tinnitus), the sensation that you're moving or spinning (vertigo)"
"Overview
-
Vitamin B12 or folate deficiency anaemia","extreme tiredness, a lack of energy, pins and needles, a sore and red tongue, mouth ulcers, muscle weakness, problems with your vision, psychological problems, which can range from mild depression or anxiety to confusion and dementia, problems with memory, understanding and judgement"
"Overview
-
Vitamins and minerals",
"Overview
-
Vitiligo","mouth and eyes, fingers and wrists, armpits, groin, genitals, inside your mouth"
Vomiting blood,
Norovirus (vomiting bug),"feeling sick, being sick (vomiting), diarrhoea"
Diarrhoea and vomiting,
Von Willebrand disease,
"Overview
-
Vulval cancer","a persistent itch in the vulva, pain, soreness or tenderness in the vulva, raised and thickened patches of skin that can be red, white or dark, a lump or wart-like growth on the vulva, bleeding from the vulva or blood-stained vaginal discharge between periods, an open sore in the vulva, a burning pain when peeing, a mole on the vulva that changes shape or colour"
Vulvodynia (vulval pain),
Warts and verrucas,
Watering eyes,
Unintentional weight loss,
Unintentional weight loss,
Weight loss surgery,
Leptospirosis (Weil's disease),"high temperature, headache, body aches and pain, tummy ache, feeling sick or being sick, diarrhoea, redness in the white part of your eyes, yellowing of the skin (which may be harder to see on black or brown skin) or white part of the eyes (jaundice)"
What to do if someone has a seizure (fit),
Whiplash,
Low white blood cell count,
Herpetic whitlow (whitlow finger),
Whooping cough,
Farting (flatulence),
Norovirus (vomiting bug),"feeling sick, being sick (vomiting), diarrhoea"
Wisdom tooth removal,
Wolff-Parkinson-White syndrome,"a pounding or fluttering heartbeat (heart palpitations), feeling lightheaded or dizzy, shortness of breath, chest pain, passing out (fainting)"
"Overview
-
Womb (uterus) cancer",
Women's health,
Worms in humans,
Wrist pain,
X-ray,
"Overview
-
Yellow fever","high temperature, headache, feeling or being sick, aches and pains, loss of appetite, feeling generally unwell"
Zika virus,"a high temperature, a headache, sore, red eyes, swollen joints and joint and muscle pain, a rash and itching all over the body"
